{
  "score": 3708.945092548066,
  "x10_named": {
    "L_st_position": 1.0479088822080551,
    "L_st_span": 0.7952446879194774,
    "L_st": 0.1411493633406039,
    "L_st_straight": 0.09152454122014637,
    "delta_st": 0.022340216137028655,
    "L_w_position": 4.223030806337628,
    "L_w_span": 1.6536406614409693,
    "L_w": 0.7981825771404909,
    "L_w_straight": 0.39979079478865065,
    "delta_w": 0.031131834138345985
  },
  "score_parts": {
    "type1": 0.25921726171900034,
    "type2": 1827.1405727514652,
    "type3": 1767.7874819005344,
    "type4": 113.75782063434714
  },
  "violations": {
    "type1": {
      "c1": 0.0,
      "c2": 0.0,
      "c3": 0.5091338347811902
    },
    "type2": {
      "c4": 42.74506489352268
    },
    "type3_A": {
      "c5": 0.0,
      "c6": 0.0,
      "c7": 42.04506489352269,
      "c8": 0.0
    },
    "type3_B": {
      "c5": 0.0,
      "c6": 0.0,
      "c7": 0.0,
      "c8": 0.0
    },
    "type3_combined": {
      "c5": 0.0,
      "c7": 42.04506489352269,
      "c8": 0.0,
      "c6": 0.0
    },
    "type4_A": {
      "c9": 0.0,
      "c10": 0.0,
      "c11": 0.0,
      "c12": 11.31376364942498
    },
    "type4_B": {
      "c9": 0.0,
      "c10": 0.0,
      "c11": 0.0,
      "c12": 10.017698619659825
    },
    "type4_combined": {
      "c12": 10.665731134542401,
      "c10": 0.0,
      "c9": 0.0,
      "c11": 0.0
    }
  },
  "traj1": {
    "m_final": 395.7,
    "mdot_final": 0.0,
    "v_final": 617.9,
    "theta_final": 0.489,
    "X_final": 29900.0,
    "n_points": 49
  },
  "traj2": {
    "m_final": 629.8,
    "mdot_final": 11.75,
    "v_final": 515.2,
    "theta_final": 0.6073,
    "X_final": 2336.0,
    "n_points": 7
  }
}